1,abalk0@tmall.com,XDeqUy6AuQT,Anett,Kazu
2,gmcsperron1@tiny.cc,ur5wZDWYXJt,Garold,Digitube
3,cpitway2@slate.com,r49skfdiO,Cissiee,Blogtag
4,gwaterson3@princeton.edu,5JBjKbjJ,Gibby,Voolia
5,pespinazo4@si.edu,BZ49yDbXjptV,Pearline,Jaxworks
6,kprestwich5@yolasite.com,OVmjCmLqfKft,Kristoffer,Jabbersphere
7,pdickerline6@army.mil,41FgPFVnBX,Parker,Devpoint
8,awarboys7@friendfeed.com,bo3PMDLbtE,Arlette,Zooveo
9,ewainscoat8@ovh.net,brIEVBL,Esdras,Skynoodle
10,alefridge9@ovh.net,39cCOM,Abby,Divanoodle
11,uklimshuka@cbc.ca,hrq4oXbDSh,Ulises,Thoughtstorm
12,mkaszperb@pcworld.com,WmrjmWXuxa,Marice,Realblab
13,atarryc@npr.org,vMVxl4Y,Antonella,Myworks
14,halmeyd@ox.ac.uk,WT4Lo1bgi,Holden,Linklinks
15,scurnuckee@go.com,U2iiPQo,Sallie,Skynoodle
16,zgravenellf@time.com,6A24T3PRIq,Zora,Yodel
17,dwormang@biglobe.ne.jp,Ry0dOAsNZ,Dennis,Buzzbean
18,rgronoweh@oakley.com,GiHScHEa,Reinald,Kanoodle
19,dsottelli@walmart.com,Pgy7SEzF,Darline,Gigashots
20,fshitliffej@indiatimes.com,0GgDtSRh1xjg,Fredrika,Yadel
21,jthumimk@gov.uk,WN4MYCE7,Jacinta,Abatz
22,cchilcottel@gizmodo.com,vOQEBG8O0lwT,Clo,Buzzbean
23,dgabbettm@prweb.com,i7bu6k4u3QX,Dasya,Fivespan
24,sconstanzan@1688.com,WWWzTHexI,Shawn,Jayo
25,ggeindreo@odnoklassniki.ru,g64y9kaBqJqm,Gae,Oloo
26,ffahrenbachp@umn.edu,ZxZQmk,Francois,Yodel
27,kilyuninq@cbc.ca,YsEol5eHH,Kaspar,Bubblemix
28,jcabaner@prlog.org,09iI0TouO,Joscelin,Voomm
29,mjeffreys@list-manage.com,nSHRYdpsBzz,Mae,Dabshots
30,mcomstyt@adobe.com,Q0EE9o,Morten,Flipbug
31,dpittendreighu@t.co,q39hSX6jGySZ,Danielle,Shufflebeat
32,lciccoloiv@tmall.com,YVPSL0Gx4E,Lennard,Aimbo
33,stattersw@upenn.edu,gmto9rVCPuo,Stuart,Brightdog
34,rdanielutx@smugmug.com,xrNQOXg4WiZ,Rosabelle,Thoughtbeat
35,tbirchenheady@indiegogo.com,t30SpGhI4pop,Trixy,Layo
36,pbulgenz@springer.com,gLxE6qRk,Paten,Twitterlist
37,mbohin10@elegantthemes.com,pp1zazbn,Mirabella,Miboo
38,dmillott11@phoca.cz,2syZIKDCsu,Dale,Flashspan
39,nandriveau12@slate.com,vbwbV5cig,Nolie,Gigazoom
40,mbestiman13@joomla.org,E5M6ZU4Y,Marcos,Zooveo
41,cthowless14@europa.eu,oCckgB,Cookie,Gevee
42,rmeriton15@desdev.cn,xwBZmws,Raquel,Wordtune
43,jredmille16@upenn.edu,NGY8qnQWl0zt,Jone,Yata
44,gscholar17@taobao.com,TELY1IFrhmh9,Gabey,Bubbletube
id,email,password,first_name,company_name
45,cbohden18@devhub.com,Zr0b4BR,Chiarra,Avaveo
46,gokeaveny19@cornell.edu,J4dQ74tbVL,Gloriana,Mynte
47,awarne1a@cnbc.com,Q7hBHprChf,Appolonia,Flipbug
48,phartopp1b@state.gov,iK4y5BNnxghh,Pavla,Thoughtstorm
49,jslimings1c@buzzfeed.com,82k2Dgu2Q,Jade,Trupe
50,kseman1d@uol.com.br,zAiAmS0Zn0,Kristi,Yotz
51,vyoules1e@google.nl,elGXe1,Valeda,Twitterbridge
52,rjandac1f@hc360.com,kbaa6JuZ,Rice,Thoughtbridge
53,dbeardsell1g@51.la,UgiPIUYAkY,Delila,Zoombox
54,mtonkinson1h@flickr.com,H6ldO8q,Merrili,Tagtune
55,colonelbadguy@gdf.mil,sASdnuwiq,Colonel Baddie,Genorak Defense Force (GDF)
56,galtree1j@scientificamerican.com,LXW2oL,Gary,Eadel
57,jrichold1k@ft.com,vFu8Y1EkfD,Joey,Fivespan
58,lbillyeald1l@wix.com,rKenEx,Lucie,Talane
59,ccoxwell1m@g.co,Qj0xMmHP,Clare,Buzzbean
60,ojozef1n@java.com,T97Zmh9H,Osmond,Linktype
61,kbrigstock1o@imdb.com,wBNYym6,Kincaid,Muxo
62,zondracek1p@omniture.com,I9LMrd,Zaccaria,Rhybox
63,tstruttman1q@cbslocal.com,dI8Z7SYu,Tiler,Youspan
64,kcoulthard1r@epa.gov,oQtBR5vYKjS,Kesley,Fadeo
65,acarlesi1s@constantcontact.com,f7kGOv1aI,Artie,Oyope
66,atuther1t@discuz.net,hLvyUHOLx,Arden,Thoughtbridge
67,theyburn1u@google.it,61kIzllnokNu,Teodoor,Jetwire
68,sdog1v@shutterfly.com,J3UPPR,Savina,Avamba
69,rgarvin1w@google.es,PPAVkSvN,Robers,Skiba
70,nmatuszynski1x@skyrock.com,zdiKo5WmSSOl,Nessy,Topiczoom
71,ssmorthwaite1y@sogou.com,RlKKEOJaiT,Seline,Twitterbridge
72,lkrzysztof1z@bigcartel.com,5cmUlA2H5,Lusa,Jabbertype
73,shanner20@ucla.edu,jsAvQA,Scottie,Yacero
74,gizzard21@nasa.gov,nPKrvHINj,Garland,Skiba
75,ryardley22@biblegateway.com,wCpbwm4nwIUh,Ricki,Demizz
76,mscothron23@who.int,OHKmjSrCANJ,Martguerita,Vinte
77,hpoleykett24@edublogs.org,UrZT3CTvd,Hayden,Gabtype
78,rickastley@gdf.mil,aqwdoiqmiogQW,Rick,Genorak Defense Force (GDF)
79,ndebrett26@addtoany.com,Swsd2X2suIKn,Nathalia,Kwideo
80,lheigl27@ezinearticles.com,hEJ03QX8,Lanni,Tagfeed
81,ahummerston28@flavors.me,h1C21UvV,Araldo,Skipfire
82,gfontes29@discovery.com,qRoyGzvvxD,Gabriel,Twitterlist
83,tshevels2a@biglobe.ne.jp,CEB0ExPSB7J,Thacher,Yombu
84,omorriarty2b@4shared.com,Bpm2YXLUIRGe,Obadias,Gevee
85,heriksson2c@1688.com,VKNkHfSWQg,Hesther,Dabvine
86,valison2d@google.co.uk,JsZ48Bikl,Verge,Bluezoom
87,smainstone2e@mapquest.com,1puHrd,Sergio,Browsebug
88,lcopperwaite2f@plala.or.jp,OaTlOUjpGmjC,Levon,Avamm
89,eyanson2g@cdc.gov,SRGNIv,Edgard,Izio
90,ftwoohy2h@networkadvertising.org,qWAhPdlEtRrk,Fairfax,Brightbean
91,bdallicoat2i@ehow.com,Nfi36aq87,Beale,Digitube
92,gtebbett2j@blogspot.com,HPltnUERE,Gretta,Minyx
93,mkennagh2k@myspace.com,H6SjyEunFB,Matthew,Wikibox
94,hsherr2l@geocities.jp,xXkGgLl,Hadria,Avavee
95,cferrandez2m@dropbox.com,Rhe1nMo0F4w,Carmela,Lajo
96,rpagon2n@bandcamp.com,VUNGH1esT,Rhonda,Zoozzy
97,bklemmt2o@behance.net,VbOlx7,Blair,Edgeify
98,mwhyatt2p@jiathis.com,BFZQsSc,Mordecai,Zooveo
99,skirdsch2q@opensource.org,1rtA5yUU5Qm2,Susan,Blogspan
100,hcorbett2r@sphinn.com,aSyjFRFH,Hester,Zooveo
101,jsessuns1i@odnoklassniki.ru,8YY91o51,Jenilee,Katz
102,captainspockbutevil@gdf.mil,asdqdeqwegQW,CPT Spock,Genorak Defense Force (GDF)
103,lexley25@marriott.com,g35FWgl,Leonelle,Buzzster