1,820265,Updates satellite to latest version,193
2,939766,Unimplemented Code,686
3,268322,Unimplemented Code,804
4,270095,Unimplemented Code,714
5,944302,Alters satellite trajectory,379
6,353927,Alters satellite trajectory,556
7,443104,Pings satellite,953
8,872606,Starts recording satellite trajectory info,904
9,980557,Unimplemented Code,847
10,39995,Alters satellite trajectory,466
11,602547,Starts recording satellite trajectory info,620
12,944246,Pings satellite,461
13,35309,Starts recording satellite trajectory info,626
14,322921,Updates satellite to latest version,737
15,899842,Starts recording satellite trajectory info,906
16,378976,Alters satellite trajectory,566
17,363700,Pings satellite,736
18,337635,Updates satellite to latest version,52
19,94634,Updates satellite to latest version,929
20,494615,Unimplemented Code,464
21,238631,Pings satellite,280
22,715212,Starts recording satellite trajectory info,739
23,520290,Pings satellite,17
24,366036,Alters satellite trajectory,279
25,90004,Pings satellite,103
26,659577,Unimplemented Code,386
27,73547,Updates satellite to latest version,22
28,947400,Starts recording satellite trajectory info,796
29,349582,Unimplemented Code,313
30,3483,Unimplemented Code,856
31,995990,Starts recording satellite trajectory info,198
32,853339,Pings satellite,316
33,463408,Pings satellite,411
34,476387,Pings satellite,27
35,839789,Alters satellite trajectory,578
36,776175,Unimplemented Code,486
37,350080,Pings satellite,701
38,973237,Unimplemented Code,495
39,964227,Pings satellite,55
40,163646,Starts recording satellite trajectory info,282
41,834663,Updates satellite to latest version,778
42,764789,Pings satellite,892
43,975184,Unimplemented Code,374
44,850233,Updates satellite to latest version,943
45,805267,Starts recording satellite trajectory info,396
46,981961,Starts recording satellite trajectory info,6
47,263450,Starts recording satellite trajectory info,545
48,74381,Pings satellite,588
49,704204,Updates satellite to latest version,426
50,715909,Pings satellite,101
51,367149,Alters satellite trajectory,958
52,704844,Alters satellite trajectory,835
53,884189,Pings satellite,311
54,731462,Updates satellite to latest version,640
55,378656,Pings satellite,281
56,183471,Starts recording satellite trajectory info,92
57,294197,Pings satellite,850
58,339755,Alters satellite trajectory,335
59,868141,Alters satellite trajectory,113
60,708366,Starts recording satellite trajectory info,13
61,585549,Pings satellite,223
62,568178,Alters satellite trajectory,236
63,27434,Pings satellite,636
64,731219,Unimplemented Code,828
65,590096,Pings satellite,937
66,942471,Updates satellite to latest version,458
67,522741,Unimplemented Code,470
68,531921,Unimplemented Code,393
69,170627,Updates satellite to latest version,243
70,932034,Updates satellite to latest version,219
71,307215,Starts recording satellite trajectory info,894
72,770960,Pings satellite,273
73,963660,Starts recording satellite trajectory info,820
74,466315,Updates satellite to latest version,227
75,150273,Pings satellite,137
76,31620,Unimplemented Code,300
77,240382,Unimplemented Code,532
78,836080,Updates satellite to latest version,450
79,660419,Starts recording satellite trajectory info,165
80,305722,Alters satellite trajectory,382
81,272448,Pings satellite,75
82,305083,Alters satellite trajectory,568
83,21744,Updates satellite to latest version,864
84,263648,Pings satellite,274
85,477292,Updates satellite to latest version,32
86,661974,Unimplemented Code,542
87,909471,Pings satellite,80
88,816341,Updates satellite to latest version,396
89,769561,Unimplemented Code,382
90,813778,Updates satellite to latest version,692
91,949148,Alters satellite trajectory,683
92,6259,Starts recording satellite trajectory info,969
93,981804,Updates satellite to latest version,8
94,424547,Unimplemented Code,691
95,759760,Pings satellite,458
96,161396,Pings satellite,938
97,760111,Alters satellite trajectory,220
98,762988,Starts recording satellite trajectory info,151
99,630934,Starts recording satellite trajectory info,165
100,715671,Pings satellite,483
101,588902,Unimplemented Code,853
102,373059,Updates satellite to latest version,950
103,516268,Updates satellite to latest version,466
104,878178,Alters satellite trajectory,955
105,108170,Alters satellite trajectory,497
106,888725,Pings satellite,135
107,479644,Alters satellite trajectory,518
108,872921,Unimplemented Code,495
109,599031,Starts recording satellite trajectory info,92
110,834437,Unimplemented Code,434
111,942555,Updates satellite to latest version,902
112,634239,Pings satellite,328
113,866759,Updates satellite to latest version,464
114,919083,Unimplemented Code,737
115,718565,Alters satellite trajectory,991
116,675050,Starts recording satellite trajectory info,776
117,243784,Updates satellite to latest version,7
118,581328,Unimplemented Code,646
119,804745,Alters satellite trajectory,957
120,41481,Starts recording satellite trajectory info,870
121,380784,Updates satellite to latest version,137
122,787083,Pings satellite,80
123,560138,Updates satellite to latest version,315
124,981699,Unimplemented Code,92
125,892042,Unimplemented Code,685
126,770008,Pings satellite,770
127,428671,Updates satellite to latest version,511
128,288401,Alters satellite trajectory,908
129,999859,Pings satellite,310
130,5275,Unimplemented Code,889
131,534833,Alters satellite trajectory,740
132,412499,Updates satellite to latest version,553
133,546227,Alters satellite trajectory,586
134,541933,Updates satellite to latest version,297
135,108170,Unimplemented Code,351
136,959055,Unimplemented Code,997
137,506490,Pings satellite,628
138,254390,Starts recording satellite trajectory info,464
139,918674,Starts recording satellite trajectory info,446
140,450806,Unimplemented Code,718
141,636157,Pings satellite,831
142,809450,Updates satellite to latest version,41
143,325940,Alters satellite trajectory,703
144,540174,Unimplemented Code,699
145,215123,Pings satellite,638
146,680481,Unimplemented Code,473
147,598574,Updates satellite to latest version,102
148,637283,Pings satellite,990
149,67686,Starts recording satellite trajectory info,409
150,724133,Pings satellite,245
151,960267,Updates satellite to latest version,902
152,622355,Alters satellite trajectory,663
153,394328,Starts recording satellite trajectory info,559
154,654194,Alters satellite trajectory,260
155,811037,Pings satellite,53
156,790212,Alters satellite trajectory,115
157,848381,Updates satellite to latest version,752
158,538311,Updates satellite to latest version,188
159,15000,Pings satellite,421
160,63324,Pings satellite,358
161,82757,Pings satellite,480
162,38193,Alters satellite trajectory,208
163,635050,Unimplemented Code,550
164,724479,Unimplemented Code,458
165,728114,Starts recording satellite trajectory info,751
166,533041,Pings satellite,67
167,931697,Starts recording satellite trajectory info,59
168,891831,Starts recording satellite trajectory info,429
169,645465,Pings satellite,806
170,815965,Unimplemented Code,506
171,401687,Alters satellite trajectory,6
172,725387,Starts recording satellite trajectory info,275
173,977140,Updates satellite to latest version,805
174,953403,Unimplemented Code,987
175,819532,Updates satellite to latest version,443
176,165850,Unimplemented Code,852
177,494961,Unimplemented Code,647
178,201514,Unimplemented Code,191
179,926195,Pings satellite,675
180,219723,Pings satellite,824
181,214924,Updates satellite to latest version,457
182,539371,Starts recording satellite trajectory info,995
183,987049,Alters satellite trajectory,669
184,562911,Updates satellite to latest version,997
185,401599,Pings satellite,848
186,185625,Pings satellite,52
187,201960,Alters satellite trajectory,533
188,314406,Pings satellite,787
189,500102,Updates satellite to latest version,911
190,200372,Unimplemented Code,163
191,123882,Alters satellite trajectory,418
192,53076,Starts recording satellite trajectory info,915
193,344118,Unimplemented Code,756
194,535343,Pings satellite,444
195,440160,Unimplemented Code,685
196,87873,Starts recording satellite trajectory info,416
197,394326,Alters satellite trajectory,750
198,300024,Starts recording satellite trajectory info,986
199,276340,Alters satellite trajectory,54
200,72275,Starts recording satellite trajectory info,829
201,405003,Starts recording satellite trajectory info,639
202,411745,Updates satellite to latest version,830
203,582758,Unimplemented Code,491
204,524930,Starts recording satellite trajectory info,535
205,768927,Unimplemented Code,450
206,568248,Unimplemented Code,489
207,137207,Unimplemented Code,748
208,633124,Pings satellite,798
209,883330,Alters satellite trajectory,603
210,311005,Updates satellite to latest version,658
211,330550,Starts recording satellite trajectory info,416
212,433257,Alters satellite trajectory,302
213,805704,Pings satellite,317
214,899930,Updates satellite to latest version,530
215,297963,Unimplemented Code,148
216,991945,Unimplemented Code,487
217,34319,Updates satellite to latest version,196
218,471976,Alters satellite trajectory,872
219,866993,Alters satellite trajectory,479
220,731697,Starts recording satellite trajectory info,599
221,211802,Pings satellite,949
222,214731,Starts recording satellite trajectory info,679
223,166504,Unimplemented Code,920
224,485213,Starts recording satellite trajectory info,336
225,941965,Unimplemented Code,545
226,599558,Unimplemented Code,238
227,512412,Unimplemented Code,621
228,779341,Updates satellite to latest version,182
229,126818,Unimplemented Code,358
230,321744,Pings satellite,273
231,638271,Alters satellite trajectory,188
232,353535,Pings satellite,112
233,357300,Starts recording satellite trajectory info,219
234,503039,Updates satellite to latest version,120
235,634778,Unimplemented Code,777
236,628163,Unimplemented Code,9
237,140841,Pings satellite,161
238,539273,Pings satellite,778
239,873034,Alters satellite trajectory,177
240,259300,Starts recording satellite trajectory info,879
241,39532,Updates satellite to latest version,180
242,323746,Unimplemented Code,603
243,423673,Unimplemented Code,893
244,641585,Updates satellite to latest version,784
245,650158,Updates satellite to latest version,824
246,523974,Pings satellite,475
247,704948,Updates satellite to latest version,753
248,963477,Pings satellite,233
249,278896,Pings satellite,486
250,347820,Pings satellite,959
251,554002,Alters satellite trajectory,649
252,261813,Pings satellite,66
253,928419,Updates satellite to latest version,738
254,794519,Unimplemented Code,569
255,533890,Unimplemented Code,997
256,977328,Unimplemented Code,620
257,460958,Updates satellite to latest version,671
258,993123,Unimplemented Code,471
259,697019,Starts recording satellite trajectory info,926
260,800802,Starts recording satellite trajectory info,312
261,607191,Pings satellite,705
262,423261,Alters satellite trajectory,20
263,473023,Alters satellite trajectory,947
264,252748,Pings satellite,768
265,887249,Starts recording satellite trajectory info,647
266,605747,Unimplemented Code,862
267,867050,Starts recording satellite trajectory info,366
268,445207,Updates satellite to latest version,218
269,729166,Starts recording satellite trajectory info,720
270,199290,Starts recording satellite trajectory info,138
271,668461,Unimplemented Code,181
272,434555,Pings satellite,269
273,276653,Starts recording satellite trajectory info,1000
274,730922,Pings satellite,416
275,594005,Updates satellite to latest version,722
276,473000,Alters satellite trajectory,882
277,617349,Starts recording satellite trajectory info,587
278,109657,Pings satellite,916
279,47719,Alters satellite trajectory,280
280,310664,Unimplemented Code,806
281,800464,Unimplemented Code,473
282,311794,Unimplemented Code,266
283,488849,Unimplemented Code,531
284,830977,Unimplemented Code,606
285,942666,Unimplemented Code,313
286,530106,Pings satellite,344
287,312219,Updates satellite to latest version,981
288,487219,Alters satellite trajectory,248
289,37166,Starts recording satellite trajectory info,947
290,530955,Alters satellite trajectory,748
291,508597,Alters satellite trajectory,188
292,625442,Pings satellite,459
293,138358,Updates satellite to latest version,843
294,79494,Alters satellite trajectory,229
295,241193,Alters satellite trajectory,346
296,825320,Updates satellite to latest version,868
297,716504,Pings satellite,935
298,306566,Pings satellite,451
299,380597,Alters satellite trajectory,11
300,697273,Pings satellite,729
301,17001,Starts recording satellite trajectory info,913
302,870022,Pings satellite,479
303,556159,Alters satellite trajectory,255
304,390179,Pings satellite,579
305,784578,Pings satellite,820
306,723624,Updates satellite to latest version,10
307,154898,Starts recording satellite trajectory info,260
308,186783,Updates satellite to latest version,124
309,129833,Unimplemented Code,283
310,454464,Alters satellite trajectory,78
311,515258,Updates satellite to latest version,168
312,492788,Unimplemented Code,222
313,871003,Pings satellite,571
314,187536,Alters satellite trajectory,918
315,49841,Updates satellite to latest version,511
316,343607,Unimplemented Code,321
317,855655,Updates satellite to latest version,121
318,351177,Pings satellite,142
319,507231,Unimplemented Code,605
320,80238,Alters satellite trajectory,810
321,699178,Updates satellite to latest version,373
322,46230,Starts recording satellite trajectory info,592
323,923057,Alters satellite trajectory,718
324,79470,Unimplemented Code,279
325,218026,Updates satellite to latest version,922
326,681194,Pings satellite,634
327,226319,Pings satellite,24
328,790482,Updates satellite to latest version,819
329,922498,Updates satellite to latest version,94
330,801936,Pings satellite,489
331,772074,Updates satellite to latest version,222
332,967277,Unimplemented Code,152
333,649146,Alters satellite trajectory,865
334,613069,Pings satellite,202
335,111007,Starts recording satellite trajectory info,637
336,600473,Alters satellite trajectory,955
337,179654,Unimplemented Code,905
338,73017,Updates satellite to latest version,67
339,729582,Pings satellite,703
340,601772,Unimplemented Code,883
341,262795,Updates satellite to latest version,897
342,690733,Alters satellite trajectory,615
343,194719,Unimplemented Code,636
344,189621,Alters satellite trajectory,870
345,748233,Updates satellite to latest version,349
346,623656,Unimplemented Code,198
347,883178,Pings satellite,711
348,151168,Starts recording satellite trajectory info,134
349,337295,Pings satellite,371
350,556402,Unimplemented Code,509
351,978118,Alters satellite trajectory,423
352,206192,Unimplemented Code,916
353,767453,Pings satellite,671
354,889246,Updates satellite to latest version,394
355,456839,Unimplemented Code,898
356,492329,Updates satellite to latest version,424
357,571731,Pings satellite,835
358,389290,Unimplemented Code,273
359,816236,Starts recording satellite trajectory info,679
360,276528,Unimplemented Code,624
361,336683,Updates satellite to latest version,748
362,518528,Pings satellite,653
363,810434,Pings satellite,984
364,699902,Unimplemented Code,809
365,94601,Alters satellite trajectory,369
366,156088,Alters satellite trajectory,948
367,3546,Updates satellite to latest version,72
368,101002,Updates satellite to latest version,415
369,801395,Unimplemented Code,636
370,547258,Pings satellite,743
371,76353,Pings satellite,867
372,235376,Starts recording satellite trajectory info,645
373,101991,Unimplemented Code,139
374,829793,Updates satellite to latest version,418
375,847183,Updates satellite to latest version,14
376,817579,Alters satellite trajectory,264
377,802058,Alters satellite trajectory,484
378,496430,Pings satellite,79
379,890786,Unimplemented Code,972
380,551633,Alters satellite trajectory,70
381,662564,Starts recording satellite trajectory info,600
382,941103,Alters satellite trajectory,855
383,644989,Unimplemented Code,286
384,380348,Unimplemented Code,652
385,734659,Pings satellite,106
386,307124,Pings satellite,772
387,360275,Pings satellite,416
388,974132,Unimplemented Code,95
389,805625,Unimplemented Code,600
390,707300,Starts recording satellite trajectory info,269
391,469253,Starts recording satellite trajectory info,787
392,93477,Starts recording satellite trajectory info,384
393,704542,Updates satellite to latest version,479
394,712263,Pings satellite,216
395,315904,Unimplemented Code,736
396,104554,Unimplemented Code,241
397,151397,Starts recording satellite trajectory info,4
398,414036,Alters satellite trajectory,954
399,671865,Pings satellite,963
400,348199,Pings satellite,989
401,218651,Updates satellite to latest version,18
402,672339,Starts recording satellite trajectory info,777
403,601438,Updates satellite to latest version,537
404,776292,Unimplemented Code,595
405,780812,Pings satellite,449
406,953380,Unimplemented Code,873
407,778663,Updates satellite to latest version,793
408,278738,Pings satellite,489
409,66260,Pings satellite,874
410,334339,Updates satellite to latest version,81
411,605472,Alters satellite trajectory,423
412,309624,Starts recording satellite trajectory info,876
413,677859,Alters satellite trajectory,759
414,57933,Alters satellite trajectory,816
415,918523,Alters satellite trajectory,45
416,183515,Unimplemented Code,622
417,459490,Updates satellite to latest version,987
418,402599,Starts recording satellite trajectory info,961
419,700320,Starts recording satellite trajectory info,65
420,653762,Unimplemented Code,921
421,542520,Updates satellite to latest version,154
422,610832,Starts recording satellite trajectory info,938
423,745513,Updates satellite to latest version,519
424,830775,Pings satellite,800
425,198243,Unimplemented Code,966
426,339190,Updates satellite to latest version,643
427,957306,Unimplemented Code,546
428,999040,Updates satellite to latest version,136
429,959733,Starts recording satellite trajectory info,35
430,174595,Alters satellite trajectory,666
431,625915,Starts recording satellite trajectory info,915
432,882039,Unimplemented Code,412
433,395808,Unimplemented Code,174
434,335659,Updates satellite to latest version,711
435,384232,Starts recording satellite trajectory info,23
436,62731,Updates satellite to latest version,363
437,694597,Updates satellite to latest version,535
438,80101,Unimplemented Code,937
439,725142,Updates satellite to latest version,134
440,855435,Updates satellite to latest version,139
441,730865,Updates satellite to latest version,37
442,746178,Unimplemented Code,447
443,629395,Alters satellite trajectory,107
444,374001,Updates satellite to latest version,210
445,72989,Starts recording satellite trajectory info,708
446,79147,Unimplemented Code,243
447,293049,Starts recording satellite trajectory info,119
448,596719,Unimplemented Code,966
449,303102,Unimplemented Code,425
450,74315,Updates satellite to latest version,998
451,191330,Updates satellite to latest version,191
452,42804,Unimplemented Code,575
453,147638,Updates satellite to latest version,238
454,425156,Unimplemented Code,120
455,904780,Pings satellite,124
456,828422,Alters satellite trajectory,403
457,451810,Alters satellite trajectory,910
458,79136,Pings satellite,580
459,659995,Starts recording satellite trajectory info,662
460,308883,Updates satellite to latest version,405
461,663674,Alters satellite trajectory,649
462,945980,Starts recording satellite trajectory info,407
463,357002,Starts recording satellite trajectory info,722
464,180673,Pings satellite,109
465,254175,Unimplemented Code,62
466,439299,Unimplemented Code,502
467,596147,Unimplemented Code,798
468,546975,Updates satellite to latest version,459
469,790837,Pings satellite,460
470,674023,Unimplemented Code,57
471,407651,Pings satellite,368
472,648208,Starts recording satellite trajectory info,29
473,318301,Unimplemented Code,740
474,983111,Updates satellite to latest version,423
475,999518,Unimplemented Code,555
476,647299,Starts recording satellite trajectory info,417
477,414457,Pings satellite,427
478,869465,Unimplemented Code,458
479,391641,Alters satellite trajectory,515
480,947489,Updates satellite to latest version,287
481,998624,Updates satellite to latest version,707
482,542162,Updates satellite to latest version,261
483,239233,Pings satellite,202
484,433504,Unimplemented Code,527
485,77946,Unimplemented Code,469
486,906676,Updates satellite to latest version,777
487,127829,Updates satellite to latest version,658
488,493178,Alters satellite trajectory,920
489,501065,Starts recording satellite trajectory info,726
490,995116,Starts recording satellite trajectory info,258
491,26545,Alters satellite trajectory,716
492,345906,Unimplemented Code,977
493,856397,Starts recording satellite trajectory info,534
494,557725,Unimplemented Code,866
495,346366,Starts recording satellite trajectory info,565
496,627439,Unimplemented Code,898
497,354385,Starts recording satellite trajectory info,856
498,470967,Starts recording satellite trajectory info,545
499,412031,Unimplemented Code,664
500,261063,Pings satellite,160
501,387135,Alters satellite trajectory,262
502,39168,Starts recording satellite trajectory info,90
503,790442,Updates satellite to latest version,844
504,642219,Starts recording satellite trajectory info,238
505,330782,Updates satellite to latest version,794
506,776174,Updates satellite to latest version,968
507,86076,Alters satellite trajectory,98
508,468449,Updates satellite to latest version,493
509,670301,Starts recording satellite trajectory info,889
510,323503,Starts recording satellite trajectory info,757
511,42907,Updates satellite to latest version,945
512,82106,Starts recording satellite trajectory info,937
513,932665,Alters satellite trajectory,419
514,232702,Updates satellite to latest version,30
515,286355,Alters satellite trajectory,363
516,727214,Alters satellite trajectory,341
517,656235,Pings satellite,651
518,355255,Updates satellite to latest version,909
519,315601,Starts recording satellite trajectory info,21
520,671512,Alters satellite trajectory,42
521,216689,Starts recording satellite trajectory info,217
522,773982,Unimplemented Code,749
523,226948,Starts recording satellite trajectory info,802
524,20077,Updates satellite to latest version,806
525,996873,Starts recording satellite trajectory info,885
526,970933,Starts recording satellite trajectory info,626
527,639682,Alters satellite trajectory,194
528,224830,Updates satellite to latest version,385
529,58690,Alters satellite trajectory,188
530,308942,Unimplemented Code,6
531,933970,Starts recording satellite trajectory info,97
532,567288,Alters satellite trajectory,919
533,142541,Unimplemented Code,439
534,365402,Updates satellite to latest version,517
535,204150,Starts recording satellite trajectory info,365
536,34667,Starts recording satellite trajectory info,187
537,167892,Starts recording satellite trajectory info,301
538,451683,Alters satellite trajectory,40
539,310966,Updates satellite to latest version,728
540,74503,Alters satellite trajectory,942
541,692588,Alters satellite trajectory,849
542,455819,Unimplemented Code,941
543,12129,Pings satellite,32
544,504012,Alters satellite trajectory,111
545,572822,Updates satellite to latest version,855
546,435326,Starts recording satellite trajectory info,772
547,298880,Unimplemented Code,634
548,467964,Alters satellite trajectory,659
549,929391,Pings satellite,296
550,80128,Unimplemented Code,536
551,96357,Updates satellite to latest version,646
552,975726,Unimplemented Code,726
553,469205,Starts recording satellite trajectory info,614
554,561054,Starts recording satellite trajectory info,86
555,501338,Unimplemented Code,894
556,711448,Alters satellite trajectory,189
557,790931,Pings satellite,607
558,388675,Pings satellite,123
559,430576,Unimplemented Code,855
560,281590,Pings satellite,60
561,25166,Alters satellite trajectory,91
562,257091,Starts recording satellite trajectory info,16
563,246940,Alters satellite trajectory,98
564,353966,Pings satellite,741
565,155418,Starts recording satellite trajectory info,731
566,814147,Pings satellite,177
567,923310,Unimplemented Code,285
568,968830,Starts recording satellite trajectory info,68
569,906252,Starts recording satellite trajectory info,792
570,834496,Updates satellite to latest version,797
571,259337,Alters satellite trajectory,163
572,972308,Unimplemented Code,283
573,760654,Unimplemented Code,23
574,450680,Pings satellite,431
575,431722,Updates satellite to latest version,763
576,650024,Unimplemented Code,493
577,57593,Alters satellite trajectory,510
578,90141,Updates satellite to latest version,33
579,477161,Unimplemented Code,105
580,200271,Starts recording satellite trajectory info,163
581,628190,Unimplemented Code,839
582,529068,Pings satellite,613
583,649619,Pings satellite,770
584,514724,Updates satellite to latest version,923
585,325728,Unimplemented Code,407
586,158323,Starts recording satellite trajectory info,737
587,495837,Starts recording satellite trajectory info,154
588,817582,Starts recording satellite trajectory info,966
589,261732,Starts recording satellite trajectory info,208
590,594353,Unimplemented Code,118
591,824923,Starts recording satellite trajectory info,899
592,393388,Starts recording satellite trajectory info,380
593,343873,Unimplemented Code,949
594,501078,Pings satellite,7
595,78524,Pings satellite,588
596,728890,Alters satellite trajectory,22
597,239780,Unimplemented Code,452
598,100302,Unimplemented Code,293
599,854211,Updates satellite to latest version,215
600,678817,Starts recording satellite trajectory info,66
601,806257,Updates satellite to latest version,520
602,237902,Updates satellite to latest version,252
603,370148,Pings satellite,446
604,576667,Updates satellite to latest version,91
605,760531,Updates satellite to latest version,415
606,557390,Unimplemented Code,766
607,796049,Unimplemented Code,918
608,144023,Starts recording satellite trajectory info,984
609,2803,Pings satellite,539
610,720379,Unimplemented Code,260
611,796321,Starts recording satellite trajectory info,805
612,899345,Alters satellite trajectory,603
613,784878,Pings satellite,924
614,884270,Updates satellite to latest version,457
615,624631,Pings satellite,473
616,35859,Updates satellite to latest version,855
617,166655,Alters satellite trajectory,285
618,301496,Starts recording satellite trajectory info,348
619,796329,Updates satellite to latest version,576
620,573629,Pings satellite,559
621,370988,Alters satellite trajectory,36
622,805335,Starts recording satellite trajectory info,161
623,103934,Starts recording satellite trajectory info,899
624,956995,Alters satellite trajectory,752
625,959262,Unimplemented Code,528
626,297027,Unimplemented Code,421
627,589514,Unimplemented Code,632
628,260741,Alters satellite trajectory,714
629,595710,Unimplemented Code,840
630,923192,Unimplemented Code,692
631,877945,Pings satellite,908
632,803209,Alters satellite trajectory,939
633,699839,Pings satellite,528
634,495278,Starts recording satellite trajectory info,921
635,653134,Unimplemented Code,777
636,305648,Updates satellite to latest version,756
637,886533,Updates satellite to latest version,640
638,20658,Updates satellite to latest version,977
639,436533,Unimplemented Code,216
640,1019,Updates satellite to latest version,246
641,958426,Pings satellite,729
642,478061,Starts recording satellite trajectory info,850
643,57931,Starts recording satellite trajectory info,107
644,184436,Pings satellite,586
645,363573,Starts recording satellite trajectory info,563
646,287182,Starts recording satellite trajectory info,173
647,592561,Pings satellite,423
648,39012,Starts recording satellite trajectory info,648
649,463086,Starts recording satellite trajectory info,896
650,67497,Updates satellite to latest version,113
651,90249,Pings satellite,338
652,352049,Unimplemented Code,783
653,487606,Alters satellite trajectory,511
654,561428,Alters satellite trajectory,136
655,47209,Updates satellite to latest version,60
656,695430,Alters satellite trajectory,296
657,176414,Unimplemented Code,278
658,998339,Unimplemented Code,813
659,683953,Updates satellite to latest version,75
660,15476,Unimplemented Code,642
661,570189,Starts recording satellite trajectory info,992
662,380274,Pings satellite,328
663,158477,Unimplemented Code,338
664,830616,Updates satellite to latest version,962
665,568572,Alters satellite trajectory,442
666,921010,Pings satellite,175
667,784207,Updates satellite to latest version,389
668,859946,Starts recording satellite trajectory info,569
669,150235,Updates satellite to latest version,491
670,101434,Alters satellite trajectory,270
671,768291,Alters satellite trajectory,34
672,81473,Starts recording satellite trajectory info,47
673,307015,Updates satellite to latest version,874
674,507234,Updates satellite to latest version,85
675,855298,Updates satellite to latest version,669
676,476856,Alters satellite trajectory,540
677,543513,Alters satellite trajectory,506
678,684670,Unimplemented Code,259
679,372369,Alters satellite trajectory,521
680,567247,Alters satellite trajectory,160
681,217223,Alters satellite trajectory,572
682,871059,Starts recording satellite trajectory info,423
683,451145,Pings satellite,981
684,683588,Starts recording satellite trajectory info,269
685,784243,Unimplemented Code,374
686,161202,Alters satellite trajectory,237
687,661224,Pings satellite,970
688,462309,Unimplemented Code,384
689,630429,Pings satellite,339
690,380895,Unimplemented Code,312
691,651034,Updates satellite to latest version,299
692,158594,Updates satellite to latest version,204
693,666333,Alters satellite trajectory,529
694,446688,Pings satellite,546
695,724307,Alters satellite trajectory,831
696,245555,Starts recording satellite trajectory info,808
697,40893,Alters satellite trajectory,597
698,795507,Updates satellite to latest version,157
699,896045,Updates satellite to latest version,474
700,321718,Pings satellite,685
701,935543,Pings satellite,102
702,473072,Starts recording satellite trajectory info,298
703,776076,Pings satellite,862
704,241963,Alters satellite trajectory,308
705,902976,Pings satellite,587
706,264441,Updates satellite to latest version,390
707,990918,Pings satellite,364
708,512796,Unimplemented Code,946
709,367220,Alters satellite trajectory,910
710,724510,Starts recording satellite trajectory info,567
711,992309,Unimplemented Code,328
712,122991,Pings satellite,162
713,268779,Updates satellite to latest version,78
714,24748,Unimplemented Code,328
715,690612,Updates satellite to latest version,872
716,638558,Pings satellite,223
717,454275,Updates satellite to latest version,333
718,804619,Starts recording satellite trajectory info,68
719,607402,Unimplemented Code,385
720,832085,Updates satellite to latest version,239
721,619853,Updates satellite to latest version,748
722,65650,Starts recording satellite trajectory info,924
723,147120,Alters satellite trajectory,642
724,348269,Unimplemented Code,335
725,4592,Updates satellite to latest version,946
726,312760,Pings satellite,193
727,121129,Updates satellite to latest version,953
728,887016,Updates satellite to latest version,412
729,344955,Pings satellite,734
730,750378,Starts recording satellite trajectory info,898
731,460132,Starts recording satellite trajectory info,80
732,937519,Pings satellite,640
733,254045,Pings satellite,175
734,945361,Unimplemented Code,288
735,501380,Unimplemented Code,857
736,735541,Starts recording satellite trajectory info,443
737,28195,Unimplemented Code,959
738,248827,Pings satellite,90
739,837165,Updates satellite to latest version,272
740,602477,Unimplemented Code,466
741,778738,Unimplemented Code,374
742,12494,Starts recording satellite trajectory info,160
743,980082,Starts recording satellite trajectory info,637
744,174263,Pings satellite,77
745,682435,Pings satellite,535
746,573676,Unimplemented Code,444
747,411815,Unimplemented Code,66
748,613760,Pings satellite,556
749,800577,Pings satellite,577
750,796793,Updates satellite to latest version,605
751,187098,Updates satellite to latest version,5
752,214862,Pings satellite,812
753,195749,Alters satellite trajectory,531
754,325122,Unimplemented Code,853
755,197289,Pings satellite,246
756,997363,Alters satellite trajectory,680
757,553336,Unimplemented Code,916
758,669660,Unimplemented Code,284
759,446858,Unimplemented Code,672
760,37221,Pings satellite,521
761,897260,Starts recording satellite trajectory info,726
762,851872,Starts recording satellite trajectory info,144
763,325022,Pings satellite,380
764,764750,Starts recording satellite trajectory info,899
765,88268,Unimplemented Code,56
766,581142,Starts recording satellite trajectory info,15
767,115035,Alters satellite trajectory,25
768,870342,Unimplemented Code,435
769,224132,Starts recording satellite trajectory info,338
770,76850,Updates satellite to latest version,630
771,437328,Pings satellite,591
772,575219,Alters satellite trajectory,12
773,808615,Updates satellite to latest version,177
774,166365,Starts recording satellite trajectory info,490
775,354867,Alters satellite trajectory,691
776,453925,Pings satellite,100
777,948052,Starts recording satellite trajectory info,16
778,53516,Alters satellite trajectory,910
779,908225,Alters satellite trajectory,885
780,703373,Alters satellite trajectory,177
781,136467,Alters satellite trajectory,662
782,763007,Updates satellite to latest version,337
783,259891,Alters satellite trajectory,866
784,243793,Starts recording satellite trajectory info,373
785,847376,Alters satellite trajectory,910
786,727312,Unimplemented Code,256
787,761718,Updates satellite to latest version,277
788,758642,Pings satellite,85
789,323278,Alters satellite trajectory,531
790,989345,Starts recording satellite trajectory info,657
791,688995,Unimplemented Code,593
792,513880,Unimplemented Code,282
793,731701,Rotates satellite 90 degrees clockwise,394
794,703607,Updates satellite to latest version,172
795,674907,Starts recording satellite trajectory info,502
796,660010,Alters satellite trajectory,432
797,620090,Updates satellite to latest version,935
798,214666,Pings satellite,510
799,799018,Updates satellite to latest version,921
800,151690,Unimplemented Code,28
801,611531,Starts recording satellite trajectory info,591
802,295212,Unimplemented Code,27
803,687051,Updates satellite to latest version,351
804,391194,Alters satellite trajectory,408
805,816227,Updates satellite to latest version,102
806,347054,Starts recording satellite trajectory info,824
807,768160,Unimplemented Code,438
808,944841,Unimplemented Code,98
809,303322,Unimplemented Code,822
810,265931,Updates satellite to latest version,248
811,523915,Updates satellite to latest version,91
812,501598,Starts recording satellite trajectory info,25
813,416230,Pings satellite,269
814,110075,Starts recording satellite trajectory info,716
815,445937,Unimplemented Code,46
816,873954,Alters satellite trajectory,591
817,640435,Pings satellite,643
818,278062,Alters satellite trajectory,917
819,546952,Starts recording satellite trajectory info,261
820,797700,Starts recording satellite trajectory info,725
821,781759,Updates satellite to latest version,631
822,11970,Alters satellite trajectory,771
823,67170,Pings satellite,204
824,7142,Updates satellite to latest version,738
825,130360,Alters satellite trajectory,82
826,885562,Pings satellite,515
827,473854,Updates satellite to latest version,607
828,865813,Alters satellite trajectory,655
829,661590,Updates satellite to latest version,538
830,500963,Starts recording satellite trajectory info,96
831,120851,Updates satellite to latest version,714
832,123905,Alters satellite trajectory,456
833,911934,Updates satellite to latest version,532
834,931171,Updates satellite to latest version,465
835,903764,Updates satellite to latest version,446
836,98897,Pings satellite,132
837,883673,Starts recording satellite trajectory info,415
838,828667,Pings satellite,984
839,177743,Pings satellite,771
840,426677,Pings satellite,464
841,242822,Unimplemented Code,845
842,189883,Unimplemented Code,110
843,903757,Alters satellite trajectory,437
844,915724,Unimplemented Code,653
845,967973,Unimplemented Code,943
846,617826,Alters satellite trajectory,674
847,430163,Starts recording satellite trajectory info,742
848,246744,Unimplemented Code,947
849,577830,Pings satellite,866
850,585853,Updates satellite to latest version,294
851,594766,Pings satellite,565
852,347423,Updates satellite to latest version,495
853,605551,Unimplemented Code,792
854,709073,Alters satellite trajectory,435
855,994576,Unimplemented Code,29
856,909314,Unimplemented Code,201
857,710665,Updates satellite to latest version,509
858,518503,Pings satellite,670
859,385952,Starts recording satellite trajectory info,68
860,993340,Pings satellite,709
861,73294,Alters satellite trajectory,791
862,870013,Pings satellite,739
863,11014,Updates satellite to latest version,288
864,528386,Updates satellite to latest version,300
865,902597,Pings satellite,767
866,460487,Unimplemented Code,247
867,77020,Unimplemented Code,927
868,442511,Unimplemented Code,761
869,629140,Unimplemented Code,906
870,280721,Unimplemented Code,338
871,218330,Starts recording satellite trajectory info,793
872,868214,Unimplemented Code,370
873,812955,Alters satellite trajectory,951
874,366675,Alters satellite trajectory,534
875,768016,Alters satellite trajectory,641
876,642589,Starts recording satellite trajectory info,173
877,685649,Starts recording satellite trajectory info,751
878,181097,Pings satellite,646
879,78577,Alters satellite trajectory,326
880,914098,Starts recording satellite trajectory info,201
881,457627,Unimplemented Code,303
882,35260,Starts recording satellite trajectory info,637
883,236632,Updates satellite to latest version,557
884,521022,Unimplemented Code,578
885,570422,Updates satellite to latest version,380
886,730115,Updates satellite to latest version,568
887,330860,Alters satellite trajectory,30
888,925692,Alters satellite trajectory,933
889,4908,Starts recording satellite trajectory info,115
890,738364,Unimplemented Code,485
891,599060,Alters satellite trajectory,379
892,510620,Pings satellite,789
893,850324,Starts recording satellite trajectory info,551
894,790167,Alters satellite trajectory,844
895,392052,Alters satellite trajectory,588
896,553198,Pings satellite,171
897,552029,Starts recording satellite trajectory info,174
898,359840,Alters satellite trajectory,638
899,844155,Unimplemented Code,919
900,42180,Unimplemented Code,980
901,506635,Alters satellite trajectory,19
902,691843,Unimplemented Code,642
903,228295,Updates satellite to latest version,877
904,728369,Updates satellite to latest version,402
905,689630,Unimplemented Code,760
906,907049,Updates satellite to latest version,503
907,102019,Alters satellite trajectory,708
908,812202,Unimplemented Code,648
909,309324,Updates satellite to latest version,822
910,195489,Starts recording satellite trajectory info,835
911,608578,Updates satellite to latest version,35
912,48592,Starts recording satellite trajectory info,166
913,928289,Alters satellite trajectory,750
914,735352,Unimplemented Code,661
915,83812,Alters satellite trajectory,626
916,366348,Pings satellite,140
917,603512,Starts recording satellite trajectory info,964
918,618261,Starts recording satellite trajectory info,403
919,389792,Starts recording satellite trajectory info,967
920,588621,Alters satellite trajectory,667
921,555015,Starts recording satellite trajectory info,649
922,214882,Updates satellite to latest version,116
923,958161,Starts recording satellite trajectory info,231
924,406584,Pings satellite,516
925,605419,Starts recording satellite trajectory info,889
926,582485,Unimplemented Code,931
927,523496,Alters satellite trajectory,440
928,188425,Starts recording satellite trajectory info,672
929,974899,Unimplemented Code,371
930,86040,Pings satellite,380
931,354871,Unimplemented Code,994
932,896435,Updates satellite to latest version,957
933,194658,Alters satellite trajectory,619
934,734510,Starts recording satellite trajectory info,929
935,777424,Pings satellite,952
936,366396,Unimplemented Code,518
937,83786,Starts recording satellite trajectory info,747
938,215314,Alters satellite trajectory,871
939,931077,Pings satellite,56
940,362023,Updates satellite to latest version,43
941,402639,Updates satellite to latest version,561
942,512765,Alters satellite trajectory,685
943,948018,Pings satellite,314
944,433578,Plays Rick Astleys hit song on the Satellites onboard speakers,535
945,399822,Alters satellite trajectory,731
946,487674,Pings satellite,314
947,750318,Pings satellite,122
948,124486,Unimplemented Code,663
949,931534,Unimplemented Code,411
950,181033,Alters satellite trajectory,282
951,500175,Starts recording satellite trajectory info,383
952,84815,Starts recording satellite trajectory info,630
953,241605,Starts recording satellite trajectory info,654
954,828654,Pings satellite,521
955,286609,Updates satellite to latest version,706
956,635931,Updates satellite to latest version,362
957,443700,Pings satellite,814
958,329656,Alters satellite trajectory,396
959,445117,Starts recording satellite trajectory info,919
960,584013,Pings satellite,485
961,790181,Unimplemented Code,592
962,130532,Pings satellite,560
963,853879,Pings satellite,353
964,669739,Pings satellite,526
965,70116,Starts recording satellite trajectory info,793
966,433378,Starts recording satellite trajectory info,312
967,261192,Pings satellite,437
968,168392,Updates satellite to latest version,821
969,993151,Unimplemented Code,600
970,366185,Starts recording satellite trajectory info,220
971,286051,Pings satellite,294
972,632571,Unimplemented Code,487
973,775432,Alters satellite trajectory,40
974,174334,Pings satellite,181
975,156640,Alters satellite trajectory,535
976,394854,Pings satellite,538
977,268012,Unimplemented Code,601
978,828788,Unimplemented Code,787
979,849725,Alters satellite trajectory,490
980,909276,Alters satellite trajectory,732
981,172997,Pings satellite,863
982,714525,Updates satellite to latest version,739
983,425858,Unimplemented Code,673
984,386645,Updates satellite to latest version,39
985,256526,Pings satellite,807
986,666737,Updates satellite to latest version,413
987,192336,Updates satellite to latest version,966
988,530185,Alters satellite trajectory,515
989,527405,Updates satellite to latest version,855
990,595755,Starts recording satellite trajectory info,428
991,749452,Starts recording satellite trajectory info,773
992,784078,Pings satellite,608
993,514644,Updates satellite to latest version,838
994,335702,Alters satellite trajectory,371
995,112466,Updates satellite to latest version,50
996,936499,Unimplemented Code,785
997,835545,Unimplemented Code,700
998,463934,Pings satellite,95
999,327081,Pings satellite,362
1000,316576,Unimplemented Code,21
1001,548123,EMERGENCY: Disable Satellite,136
1002,712312,EMERGENCY: Disable Satellite,288
1003,321671,EMERGENCY: Disable Satellite,535
1004,632157,EMERGENCY: Disable Satellite,625
1005,418321,EMERGENCY: Disable Satellite,360
1006,612359,EMERGENCY: Disable Satellite,394