1,"Lind, Hayes and Satterfield",101
2,Bernhard-Rempel,31
3,Heathcote Inc,97
4,"Runolfsdottir, Reichel and Turcotte",103
5,Berge-Lakin,60
6,"Beahan, Ortiz and Bogan",34
7,D'Amore-Frami,85
8,Funk LLC,80
9,Stamm and Sons,21
10,Littel-Braun,10
11,Koelpin Inc,18
12,Satterfield-Gusikowski,1
13,Gibson and Sons,86
14,"Witting, Satterfield and Kunde",48
15,Fadel-Green,30
16,Hermann and Sons,63
17,"Walsh, Johns and Yost",39
18,"Hahn, Schinner and Kuhic",37
19,Little-Grimes,40
20,"Bogan, Gutkowski and Kris",32
21,Barrows LLC,8
22,Kessler-Orn,52
23,Pollich-Runolfsson,46
24,Balistreri-Gottlieb,72
25,Schulist-Toy,74
26,"Bergstrom, Kemmer and Boyer",51
27,Satterfield-Marks,49
28,Bode and Sons,4
29,Ferry-Kunde,43
30,Carroll-Wisoky,25
31,"Glover, Bradtke and Lehner",96
32,Friesen-Denesik,72
33,"Wilderman, O'Connell and Hintz",75
34,Schmeler and Sons,13
35,Gerlach Group,14
36,"Witting, Wintheiser and Schoen",67
37,Kuhic-Dach,14
38,Tromp-Stokes,4
39,"Lynch, Kerluke and Blick",35
40,Harris and Sons,66
41,"Kirlin, Hegmann and Koss",63
42,Gutmann Inc,76
43,Collins Inc,57
44,"Paucek, Kulas and Homenick",91
45,Beier-Towne,11
46,Moore and Sons,19
47,Blick Inc,17
48,"Runolfsson, Grady and Dietrich",70
49,Crist-Hegmann,34
50,"Rolfson, MacGyver and Lubowitz",48
51,"Bergnaum, Weimann and Runolfsdottir",101
52,"Grant, Schultz and Glover",71
53,Walter-Mosciski,35
54,Thompson-Mayert,74
55,"Rice, Shields and Howell",90
56,Ebert LLC,11
57,Balistreri-Connelly,85
58,Little Group,66
59,Lubowitz and Sons,9
60,"Bashirian, Rosenbaum and Dietrich",100
61,Schultz-Oberbrunner,13
62,Shields-Effertz,59
63,Gutkowski-Von,44
64,Kub-Homenick,87
65,Schaefer Inc,50
66,Stracke-Carroll,3
67,Cremin Inc,24
68,Reichert-Prosacco,62
69,Crooks-Heller,37
70,Bradtke-Howe,29
71,"Jaskolski, Crist and Corkery",19
72,Goldner-Stanton,6
73,Feest Inc,15
74,"O'Hara, Mosciski and Ryan",75
75,"Weber, Macejkovic and Pfannerstill",71
76,"Hegmann, Leannon and Hirthe",46
77,Hammes-Kuhic,20
78,"Carter, Hodkiewicz and Jerde",17
79,Champlin LLC,91
80,Buckridge and Sons,103
81,Predovic and Sons,95
82,Crist-Boyle,45
83,Reinger-Bergstrom,40
84,"Ebert, Toy and Labadie",24
85,"Rolfson, McKenzie and Frami",1
86,Hirthe-Hermiston,92
87,"Weimann, Koss and Haley",81
88,"Olson, Ondricka and Lindgren",60
89,Fahey and Sons,32
90,Walsh Inc,33
91,Schultz-McLaughlin,74
92,"Corkery, Cremin and Greenholt",3
93,Considine Inc,13
94,Marvin LLC,36
95,Walter-McKenzie,67
96,Wisoky-Franecki,91
97,"Schroeder, Moen and Kovacek",12
98,"Schmitt, Rippin and Leannon",100
99,Weissnat-Hirthe,15
100,"Hammes, Quigley and Ferry",9
101,Ullrich-Green,81
102,"Predovic, Raynor and Heller",71
103,Lemke Group,68
104,Gulgowski-Dicki,85
105,"Barton, Roob and Bernier",101
106,Gibson-Sauer,94
107,"Gusikowski, Weissnat and Satterfield",94
108,"Altenwerth, McKenzie and Bradtke",85
109,Hettinger and Sons,28
110,"Corkery, Rempel and Hagenes",90
111,Simonis-Marquardt,25
112,Labadie-Rolfson,93
113,Reichert Group,61
114,"Beier, Hegmann and Ruecker",9
115,"Kshlerin, Funk and Runte",67
116,Pollich LLC,85
117,"Johnston, Shanahan and Fisher",75
118,Ullrich-Veum,85
119,"Zemlak, Jacobson and Bergstrom",27
120,"Fay, Farrell and Price",14
121,"Rowe, Bartell and Kassulke",50
122,"Harber, Wolf and Mayer",91
123,Marvin Inc,45
124,Kautzer-Lind,68
125,Franecki Inc,99
126,Murray and Sons,14
127,Mann-Goyette,8
128,"Lemke, Walsh and Graham",29
129,"Gutkowski, Lynch and Mueller",12
130,Ferry Group,93
131,"Hahn, Ratke and Haley",25
132,"Jones, Baumbach and Sporer",71
133,Gleichner-Bednar,26
134,Hodkiewicz-Lakin,81
135,Moore and Sons,61
136,"Voskhod",55
137,"Schmitt, Robel and Anderson",30
138,Kemmer LLC,87
139,Schowalter and Sons,57
140,Wisoky LLC,3
141,Roob Group,28
142,Harris LLC,21
143,Daugherty Inc,19
144,Ondricka Group,67
145,Hilll LLC,61
146,Crona and Sons,6
147,Wiza and Sons,23
148,Labadie-Turcotte,64
149,Wiegand-Keebler,71
150,Legros-Willms,14
151,"Vandervort, Schmitt and O'Kon",101
152,"Monahan, Hane and Mayer",79
153,"Towne, Kassulke and Bergnaum",33
154,Huel LLC,84
155,Wilkinson-Funk,28
156,"Heidenreich, Lemke and Crooks",1
157,"Parisian, Halvorson and Mante",79
158,Herman and Sons,67
159,Mayer-Terry,1
160,Witting-Ebert,12
161,Spinka-Wiza,1
162,"White, Rempel and Powlowski",87
163,Maggio-Ritchie,31
164,Beier-Haley,22
165,"Hyatt, Parker and Lebsack",35
166,Nienow-Prosacco,49
167,Brakus-Prosacco,31
168,"Ernser, Rau and Pagac",56
169,Carter-McKenzie,23
170,"Conroy, Thompson and Homenick",69
171,Grady-Streich,31
172,"Nolan, Ward and Larkin",35
173,Macejkovic-Cronin,62
174,Krajcik Group,17
175,Botsford-Conroy,57
176,Larson and Sons,94
177,Hammes-Rempel,82
178,Macejkovic-Cole,46
179,"Kris, Marks and Beahan",45
180,Von-Beatty,8
181,Lehner Group,53
182,Kohler Group,89
183,Wisoky-Jast,94
184,Nikolaus Inc,57
185,Hoppe-Macejkovic,7
186,Lemke-Weber,53
187,"Collins, Russel and Goyette",26
188,Swaniawski-Hintz,97
189,"Kuhn, Schultz and Bosco",101
190,"Jakubowski, Donnelly and Welch",10
191,Hudson LLC,32
192,"Simonis, O'Hara and Mann",84
193,Cormier LLC,11
194,Howe Group,73
195,Cummings-Mayert,84
196,Kuhn LLC,40
197,Hoppe Group,30
198,Kuvalis LLC,44
199,Kassulke-Quigley,93
200,VonRueden and Sons,90
201,O'Hara LLC,74
202,Pfannerstill Inc,62
203,Wilderman Inc,65
204,Mueller-Kulas,39
205,"Torp, Reynolds and Hartmann",52
206,"Leffler, Brekke and Fahey",43
207,Emard and Sons,45
208,Padberg-Nitzsche,80
209,"Fadel, Cassin and Considine",7
210,Parker Group,15
211,O'Hara Inc,41
212,Kling Inc,30
213,Fritsch-Von,83
214,Hills Inc,88
215,Hane-Howe,1
216,Kunde Inc,41
217,"Ziemann, Terry and Harvey",19
218,Krajcik LLC,16
219,Upton Inc,2
220,Rice LLC,45
221,Schimmel LLC,49
222,Batz Group,67
223,Stokes LLC,80
224,Stiedemann and Sons,96
225,"Ruecker, Rath and Beier",41
226,"Jerde, Daniel and Runolfsson",19
227,Mohr Group,75
228,Bernhard-Lockman,63
229,"White, Jacobson and Mayer",98
230,"Aufderhar, Zemlak and Prosacco",12
231,Greenfelder and Sons,15
232,Tromp Inc,21
233,Rodriguez and Sons,87
234,"Sipes, Towne and Bins",88
235,Effertz-West,5
236,Bernhard-Murphy,82
237,"Bogisich, Mayer and Strosin",29
238,Walsh-Cartwright,3
239,"Bahringer, Mills and Senger",43
240,Tromp-Sauer,66
241,Rempel and Sons,94
242,McClure and Sons,33
243,"Breitenberg, Doyle and Muller",49
244,"McLaughlin, Pouros and Macejkovic",73
245,Stroman LLC,22
246,Boyle-O'Reilly,5
247,Wyman Group,12
248,Jaskolski LLC,53
249,Stamm-Will,74
250,Gaylord Inc,66
251,Labadie Group,25
252,Cartwright-Mante,42
253,"Wuckert, Kling and Gleichner",20
254,"Barrows, Harris and Collins",67
255,Willms-Abbott,57
256,Franecki-Schimmel,47
257,Lesch-Mosciski,25
258,Lowe-Abbott,75
259,"Trantow, Rempel and Howe",48
260,Kiehn LLC,99
261,Kessler LLC,6
262,Krajcik-Crona,89
263,Kub-Mann,16
264,Wuckert-Kshlerin,17
265,Kuvalis and Sons,26
266,Batz-Lubowitz,31
267,Hodkiewicz-Schuppe,64
268,"Jenkins, Bradtke and Schaden",100
269,"Beer, Langosh and Adams",31
270,"Adams, West and Wunsch",100
271,"Witting, Stehr and D'Amore",61
272,Quigley-Lind,35
273,"Kuhn, Keeling and White",62
274,Turner Group,48
275,Bergnaum-Dooley,61
276,Ratke-Kuhn,88
277,Runolfsdottir-Mertz,45
278,Kozey Group,92
279,"Glover, Mitchell and Runolfsdottir",66
280,Morar-Witting,88
281,Quigley-Borer,5
282,Kshlerin-Bruen,100
283,"Hackett, Raynor and Hilpert",44
284,"Durgan, Brekke and Kuhic",18
285,Abshire and Sons,61
286,"Ernser, Cronin and Ratke",58
287,Botsford-West,25
288,N1 Zenit-2,55
289,Kilback-Pfannerstill,45
290,"McClure, Homenick and Gulgowski",44
291,"Ortiz, Zemlak and Kihn",66
292,Koepp-Jakubowski,21
293,"Heathcote, Bauch and Lynch",43
294,"Connelly, Hane and Cummings",75
295,"Watsica, Sanford and Legros",40
296,"Walker, Wiza and Bosco",5
297,Boehm-Walsh,89
298,Jones-Hoppe,25
299,"Schaden, Heidenreich and Davis",20
300,Schuster-Walker,83
301,Murazik and Sons,17
302,Vandervort Group,39
303,Swaniawski Group,62
304,Daniel-Bartoletti,100
305,Marvin LLC,65
306,"Rau, Lang and Hickle",64
307,Dare-Swift,101
308,West-Brakus,40
309,"Paucek, Cole and Schuster",64
310,"Roberts, Auer and Ward",4
311,"Hand, Haley and Johns",88
312,Reichel-Abernathy,8
313,Labadie-Collier,93
314,Heller-Kertzmann,100
315,Lehner-Pfeffer,64
316,"Leannon, Terry and Legros",80
317,Lang Group,60
318,Davis Inc,80
319,"Monahan, Champlin and Ullrich",43
320,Hirthe-Crona,73
321,Donnelly-Marquardt,25
322,Hermiston Inc,99
323,Brown Group,96
324,Funk-Hoeger,30
325,Wisozk LLC,4
326,Quitzon and Sons,73
327,Howell-Swaniawski,68
328,"Schowalter, Graham and Emard",85
329,Zboncak-Prosacco,101
330,Cronin Inc,76
331,Jakubowski Group,64
332,"Balistreri, Stokes and Kunze",82
333,"Reichert, Braun and Goyette",25
334,"Fisher, Hane and Schaefer",30
335,"Cremin, Friesen and Cruickshank",39
336,Lind-McLaughlin,23
337,Rolfson-Barrows,8
338,Durgan-Schroeder,88
339,Hyatt-Ledner,10
340,"Durgan, DuBuque and Ledner",40
341,Kshlerin-Abbott,86
342,Metz-Bauch,27
343,Spinka Group,45
344,Gutkowski-Connelly,5
345,Bogan-Kunde,84
346,Pouros-Schneider,44
347,Bauch Group,53
348,Predovic Group,66
349,Pacocha-Green,33
350,Okuneva Group,39
351,"Hayes, Reilly and Will",83
352,Schmeler-Langworth,95
353,Bogan Group,35
354,"Bernier, Mraz and Brekke",33
355,"Erdman, Cole and Toy",89
356,Simonis-Harris,62
357,Ferry-Halvorson,73
358,Daniel-Willms,54
359,Fadel Inc,47
360,Angara,102
361,Ward and Sons,67
362,Stoltenberg Group,20
363,"Kiehn, Mills and Lubowitz",37
364,Satterfield-Grant,28
365,Miller-Sanford,18
366,"Shields, Quigley and Haag",44
367,"Ullrich, Beer and O'Reilly",68
368,"Koelpin, Schuster and Towne",63
369,Corkery LLC,74
370,Welch-Roob,37
371,Rice and Sons,67
372,Nikolaus-Kovacek,86
373,"Homenick, Hammes and Wehner",36
374,"Wolff, Cassin and Padberg",76
375,"O'Conner, Weimann and Goodwin",11
376,"Pfeffer, Champlin and Aufderhar",45
377,"Dicki, Willms and Farrell",50
378,Rutherford-Roberts,79
379,"Ankunding, Cronin and Fadel",77
380,"Dooley, Gerhold and Yundt",2
381,Stamm-Lehner,91
382,Luettgen Group,99
383,Hills-Rath,36
384,Pouros-Russel,56
385,Maggio Group,34
386,Langworth Inc,98
387,Koch-Murray,34
388,"Auer, Hoeger and Gislason",1
389,Barrows Inc,1
390,"Yost, Walsh and Mayer",43
391,"O'Conner, Gusikowski and Flatley",8
392,Abshire Group,33
393,Heathcote-Mayert,103
394,Molniya,102
395,Marks Inc,10
396,"Pacocha, Abernathy and Abshire",87
397,Bednar Group,28
398,Vandervort-Wyman,85
399,Lynch-Funk,88
400,Tremblay Inc,75
401,"Ziemann, Cole and Barrows",46
402,Bergstrom LLC,72
403,D'Amore Inc,30
404,Kiehn-Block,45
405,Cassin Inc,47
406,Walsh-Ondricka,28
407,Langosh and Sons,37
408,Kris-Witting,35
409,Hyatt-Greenholt,15
410,Hodkiewicz-Franecki,66
411,"Jacobson, Donnelly and Metz",57
412,"Williamson, Kreiger and Doyle",60
413,Schuppe LLC,52
414,Toy-Baumbach,66
415,"Reichel, Grady and Raynor",64
416,"Koch, Schuppe and DuBuque",52
417,Thompson-Watsica,20
418,Hegmann-Greenholt,89
419,Robel LLC,34
420,Moen and Sons,10
421,Mayert and Sons,20
422,"Kassulke, Howe and Waelchi",94
423,Veum Inc,73
424,Roberts Inc,72
425,Gaylord Inc,6
426,Rippin-Maggio,83
427,"Morar, Aufderhar and D'Amore",56
428,Pagac and Sons,91
429,"Sawayn, Collier and Tremblay",45
430,Wisoky-Lind,18
431,Durgan-Mraz,1
432,"Mills, Wolf and Rolfson",14
433,Gleichner Group,86
434,Kirlin Group,70
435,Dooley Group,44
436,Jones-Hudson,89
437,Ondricka-Witting,64
438,Hartmann LLC,79
439,Blanda-Kozey,98
440,Stracke-Fritsch,30
441,Fahey-Hudson,36
442,Shields LLC,58
443,Raynor-Wilkinson,97
444,Hegmann Group,37
445,Rutherford Inc,80
446,Wintheiser-Strosin,54
447,Parisian-Reichert,99
448,Farrell-Olson,48
449,Hartmann-Goyette,47
450,"Emmerich, Bosco and Dicki",101
451,Schamberger-Price,51
452,Hyatt-West,22
453,Hills Inc,9
454,"Altenwerth, Hirthe and O'Conner",70
455,"Lang, O'Hara and Jones",67
456,Zulauf Inc,54
457,Weimann-Brakus,97
458,Fritsch-Hyatt,23
459,Wiegand-Hoeger,33
460,Hirthe LLC,49
461,Kessler-Kunde,3
462,Beer-Olson,87
463,Nader-Bruen,42
464,"Keeling, Fay and Fisher",19
465,"Turner, Keeling and Mayer",47
466,"Dickens, Huel and Graham",16
467,Breitenberg and Sons,33
468,"Kiehn, Spinka and Towne",33
469,Nader Group,7
470,Carter Group,17
471,"Flatley, Senger and Jenkins",67
472,Maggio-Moore,51
473,Blick and Sons,28
474,Kuphal Group,56
475,Okuneva-Littel,85
476,"Schneider, Harber and Turcotte",26
477,Grimes Inc,11
478,"Anderson, Klocko and Predovic",36
479,Rolfson-Barton,14
480,Harvey-Kilback,54
481,Reichel Group,83
482,Rolfson Group,9
483,"West, Heathcote and Pfannerstill",91
484,Abshire-Reilly,32
485,West-Konopelski,79
486,O'Conner-Mayer,93
487,Cronin and Sons,4
488,Beahan Inc,27
489,Larson Inc,86
490,Ortiz and Sons,103
491,"Kirlin, Bradtke and Bergstrom",70
492,Bechtelar Group,54
493,"Sanford, Kub and Weber",65
494,"Considine, Crooks and Koelpin",45
495,"Herzog, Barrows and Marvin",15
496,"Leffler, Quigley and Quitzon",100
497,Berge-Kshlerin,90
498,Jast-Funk,54
499,"Barrows, Dibbert and Ritchie",66
500,"Frami, Reichel and Grimes",93
501,Langosh-Cormier,37
502,Hansen LLC,76
503,"Pouros, Kessler and Schultz",38
504,"Morissette, Davis and Cormier",80
505,Gaylord LLC,54
506,Orn Inc,85
507,Bartell Group,34
508,"Hansen, Adams and Green",23
509,Welch-Metz,2
510,Aufderhar Group,8
511,"Reinger, Denesik and Lesch",68
512,Volkman and Sons,48
513,"McLaughlin, Flatley and Gerlach",54
514,Nikolaus Inc,40
515,"Kreiger, Little and McCullough",67
516,"Blanda, Dibbert and Crist",86
517,"Turcotte, Keebler and Kihn",99
518,"Goldner, Bailey and Hagenes",60
519,Terry-Weimann,6
520,Kuvalis LLC,33
521,"Mertz, Nolan and Ullrich",30
522,Jakubowski-Homenick,93
523,"Ziemann, Simonis and Roob",70
524,Haley and Sons,72
525,Kuvalis-Hoppe,98
526,"Nikolaus, Jenkins and Kemmer",2
527,Bogisich and Sons,28
528,Graham-Schaefer,101
529,Kohler LLC,24
530,Hermiston-Huel,42
531,"Lindgren, Kilback and Johns",77
532,"Grady, Will and Nolan",10
533,Schumm and Sons,25
534,Pollich Inc,7
535,SS-20,78
536,"Grady, Connelly and Hammes",76
537,Beahan-Wintheiser,28
538,"Ledner, Pacocha and Feest",42
539,Franecki Group,25
540,"Heller, Kling and Franecki",67
541,"Gibson, Gleason and Smith",19
542,Jakubowski and Sons,59
543,"Heaney, Lubowitz and Langosh",2
544,Blanda Group,90
545,"Monahan, Bartell and O'Connell",11
546,Ledner-Barton,84
547,"Kiehn, McClure and Baumbach",101
548,Hilpert and Sons,39
549,"Stamm, Mayert and Murray",60
550,Abernathy-Reilly,39
551,Bartoletti-Kilback,11
552,"Dicki, Zieme and Yundt",32
553,"Carroll, Bednar and Parisian",11
554,Parker-Reilly,39
555,Durgan Inc,68
556,"Johnson, Streich and Kozey",14
557,Kling-Kshlerin,70
558,"Yundt, Veum and Waters",77
559,McCullough Inc,80
560,Ward-Purdy,71
561,"Gorczany, Zboncak and Prohaska",40
562,Kiehn LLC,65
563,"Kohler, Jakubowski and Herman",12
564,"Rodriguez, Blick and Mueller",84
565,Wiegand Inc,101
566,Stokes-Bartoletti,93
567,Kunde Inc,45
568,Kirlin-Dach,67
569,"Paucek, Connelly and Donnelly",34
570,Ondricka-Lind,59
571,Rice Inc,89
572,Rippin LLC,72
573,"Carter, Dach and Sawayn",97
574,Schulist LLC,17
575,"Dach, Cremin and DuBuque",48
576,"Hackett, Dickinson and Huel",7
577,Wolf LLC,50
578,"Brekke, Rau and Schinner",63
579,"Stoltenberg, Mraz and Koch",51
580,VonRueden Inc,64
581,"Jones, Torphy and Shanahan",64
582,"Dicki, VonRueden and Konopelski",93
583,Wuckert-Hickle,8
584,Corkery and Sons,34
585,Bradtke LLC,41
586,Hettinger-Hermiston,84
587,"Morar, Bergnaum and Schoen",76
588,O'Connell Group,46
589,O'Kon and Sons,77
590,Dicki-Reynolds,75
591,VonRueden Group,57
592,Welch-Klein,10
593,Jones Inc,58
594,"Boyle, Considine and Mraz",7
595,Lang Group,90
596,Ryan-Schultz,33
597,Legros Inc,77
598,Rosenbaum Inc,89
599,"Sporer, Reichel and Weber",101
600,"Jacobson, Jenkins and Osinski",74
601,"Sanford, O'Connell and Brekke",20
602,Beahan LLC,29
603,"Sawayn, Funk and Gibson",94
604,"Kuhn, Schiller and Heaney",64
605,Bergstrom LLC,70
606,"Spencer, Kerluke and Ritchie",3
607,Keeling Inc,82
608,Reinger-Kassulke,20
609,Klocko-Runolfsson,31
610,"Kilback, Collins and Goyette",68
611,"Gorczany, Walter and White",46
612,Hand-Morar,54
613,Bogan-Thiel,52
614,Cummings-Daugherty,48
615,"Breitenberg, Lemke and Torp",9
616,McDermott Group,24
617,Kuvalis-Boyle,25
618,Macejkovic LLC,28
619,"Considine, Thompson and Volkman",36
620,Kemmer-Goodwin,20
621,"Lindgren, Huels and Konopelski",12
622,O'Kon Inc,52
623,Cruickshank and Sons,74
624,Lowe Inc,93
625,Sputniek,78
626,Durgan Group,23
627,Kuvalis and Sons,58
628,"Rath, Johns and Cummerata",63
629,Adams-Walker,88
630,"Turcotte, Fritsch and Fadel",97
631,Barrows LLC,82
632,Botsford Group,96
633,Mitchell Inc,15
634,Cummings-Abernathy,28
635,"Dietrich, Hudson and Considine",38
636,Carroll-Hayes,2
637,Donnelly-Stokes,66
638,Kunde-Bergstrom,103
639,Connelly LLC,64
640,"Roberts, Bauch and Collier",52
641,Mayer-Hamill,27
642,"Lueilwitz, Hoppe and Bosco",45
643,Bechtelar and Sons,34
644,Bernier and Sons,76
645,"Lemke, Hansen and Prohaska",63
646,Mayer-Kilback,60
647,Nicolas LLC,37
648,Kerluke LLC,79
649,Kuhlman-Reichel,86
650,"Abbott, Smitham and Ortiz",20
651,"Hessel, Wilderman and Howell",92
652,"Kovacek, Williamson and Bins",82
653,Hilpert Group,88
654,Breitenberg Group,31
655,O'Hara and Sons,99
656,McLaughlin LLC,1
657,Legros LLC,74
658,Ratke-Satterfield,12
659,Dach-Jacobi,56
660,Grady LLC,65
661,"Graham, Smitham and Nader",92
662,"Terry, Towne and Lynch",10
663,Grant-Dibbert,74
664,McCullough-Schuppe,2
665,Kautzer-Emard,13
666,Kihn-Paucek,92
667,"Erdman, Stanton and Hudson",57
668,Witting and Sons,7
669,Gorczany-Lemke,17
670,Cummerata-Kshlerin,87
671,Gislason Group,29
672,"McKenzie, Windler and Bayer",52
673,"Schowalter, Berge and Wilderman",33
674,"Kub, Cartwright and Jacobs",37
675,Swift-Daugherty,1
676,Stroman-Crist,42
677,"Lakin, Bode and Sawayn",101
678,Boyle-Greenfelder,15
679,Dicki and Sons,15
680,Langosh and Sons,49
681,Gaylord-Durgan,24
682,Stamm-Morissette,25
683,"Cassin, Homenick and Conroy",91
684,Dach and Sons,11
685,Volkman-McDermott,67
686,Vandervort LLC,58
687,"Windler, Mayer and Emmerich",58
688,"Anderson, Gerlach and Medhurst",63
689,Rolfson-Wintheiser,48
690,"Boyer, Hudson and Ankunding",69
691,Watsica Group,94
692,Rodriguez Group,54
693,Langosh and Sons,69
694,"Herman, Schoen and Rosenbaum",45
695,Schuster Group,75
696,"Sauer, Hoeger and Nienow",17
697,"Jaskolski, Hilpert and O'Conner",17
698,"Raynor, Trantow and West",62
699,Hermiston-Bergnaum,74
700,Bauch and Sons,65
701,"Klein, Jakubowski and Gottlieb",37
702,"Funk, Kreiger and Hettinger",103
703,Tremblay Group,18
704,Upton Inc,50
705,McDermott-Armstrong,12
706,Kuvalis LLC,45
707,Howe-Olson,96
708,"Klocko, Bernier and Gleason",32
709,Oberbrunner-Murazik,36
710,Wyman Inc,56
711,"Bins, Anderson and Hegmann",50
712,Buckridge-Treutel,34
713,"Morissette, Schinner and Daniel",32
714,"Jast, Marks and McCullough",8
715,Lindgren-Armstrong,44
716,Heidenreich LLC,4
717,Thiel-Bauch,16
718,Boehm Inc,1
719,McDermott Group,30
720,Botsford-Sawayn,11
721,"Robel, Hamill and Nitzsche",85
722,Kris and Sons,65
723,Dooley-Haag,13
724,"Schuster, Jakubowski and Kuhic",88
725,"Anderson, Deckow and Larkin",60
726,Satterfield-Stark,29
727,Sauer-Emard,35
728,Collier-Hyatt,57
729,Powlowski-Keebler,49
730,"Reilly, Parisian and Towne",11
731,Kihn-Strosin,57
732,"Lueilwitz, Pacocha and Hilll",14
733,"Heidenreich, Roberts and Medhurst",20
734,Trantow-Rutherford,17
735,Jacobs LLC,50
736,"Towne, McCullough and Heathcote",69
737,"Kutch, Jaskolski and Kertzmann",82
738,Hahn-Collier,70
739,"Konopelski, Reichert and Greenholt",65
740,Simonis and Sons,27
741,Hoeger LLC,20
742,"Christiansen, Daugherty and Miller",92
743,"Stokes, Wisozk and Hermann",61
744,"Dibbert, Medhurst and Lesch",43
745,"Wisoky, Kassulke and Lemke",44
746,"Heidenreich, Stark and MacGyver",33
747,Schiller-Upton,45
748,Boehm Inc,84
749,Berge-Haley,32
750,McKenzie Inc,92
751,Considine-Heidenreich,23
752,"Gottlieb, King and Hermann",86
753,O'Hara-Stark,80
754,Murray-Collier,16
755,"Cassin, Pfannerstill and Robel",39
756,"Marquardt, Deckow and Barton",23
757,Bednar-Gusikowski,85
758,O'Conner-Nicolas,48
759,"Schamberger, Hackett and Weber",29
760,"Trantow, Heidenreich and Waters",65
761,Ziemann and Sons,95
762,"Schowalter, Russel and Weimann",7
763,Ward-Dach,52
764,Crona Inc,66
765,"Runolfsson, Kassulke and Howell",103
766,"O'Keefe, Lockman and Goodwin",41
767,Rau-Halvorson,31
768,Adams-Rosenbaum,11
769,"Fisher, Wilderman and Daniel",92
770,Gibson-Effertz,40
771,Stroman Group,67
772,"Batz, Rath and Torphy",95
773,"Kuhn, Volkman and Schroeder",36
774,"Dooley, Mills and Lockman",58
775,Klein-Bahringer,33
776,Leuschke Group,79
777,Gulgowski-Nader,24
778,Fadel-Durgan,80
779,Hagenes Group,19
780,Feest Group,79
781,Herman Inc,19
782,"Haag, Nicolas and Jerde",5
783,Dare and Sons,84
784,Bode-Walter,88
785,Hermiston-Hirthe,11
786,"Boyle, Ondricka and Cassin",76
787,Welch-Hills,84
788,Streich Inc,67
789,Walter Group,96
790,"Thompson, Gaylord and Nitzsche",4
791,Conn and Sons,12
792,Volkman and Sons,84
793,"Bernhard, Padberg and Corwin",72
794,"Simonis, Mante and Hyatt",65
795,Howell Inc,88
796,"Hoeger, Mayer and Treutel",88
797,Ondricka-Swaniawski,70
798,Carroll-Koepp,21
799,"Nicolas, DuBuque and Orn",97
800,Von-Parker,45
801,Schneider-Koch,38
802,"Block, Rohan and Hoeger",26
803,Kreiger Inc,66
804,Stracke-Mertz,64
805,"Kertzmann, Kling and Parisian",11
806,"Hoeger, Wiegand and Hudson",3
807,Hackett Inc,54
808,Padberg-Simonis,51
809,"Kulas, Nikolaus and Sporer",79
810,Balistreri-Kemmer,71
811,Mayert-Heaney,4
812,"Wilkinson, Schoen and Walker",13
813,Klein Group,87
814,Fritsch and Sons,96
815,Miller-Cole,25
816,"Luettgen, Jast and Wisozk",103
817,"Lind, Turner and Weber",79
818,Feeney and Sons,77
819,Zieme LLC,47
820,"Bednar, Kassulke and Beer",14
821,Oberbrunner-Kemmer,69
822,Okuneva-Wolf,8
823,Kub-Smitham,52
824,Aufderhar and Sons,66
825,"Bins, Hoeger and Cruickshank",28
826,Breitenberg-Lakin,10
827,Bergstrom-Mante,83
828,Reichert-Walker,54
829,"O'Reilly, Douglas and Weissnat",5
830,"Howe, Spencer and Reilly",66
831,"Bashirian, West and Dickens",32
832,Jast and Sons,39
833,Stokes Group,85
834,Russel-Feest,49
835,Senger-Emmerich,38
836,Upton-Murphy,5
837,"Wunsch, Jakubowski and Kub",9
838,Bradtke and Sons,77
839,"Ryan, Predovic and O'Hara",82
840,Reichert-Crooks,98
841,Tremblay and Sons,13
842,"Harris, Ankunding and Goodwin",53
843,"Bosco, Lueilwitz and Schulist",91
844,Thompson-Koelpin,61
845,"Torphy, MacGyver and Sauer",29
846,"Labadie, Bednar and Harris",43
847,King-Torp,30
848,Beier-Pfeffer,13
849,Orn-Mraz,37
850,"Leffler, Berge and Jast",32
851,Armstrong-Effertz,75
852,"Conn, Wilkinson and West",64
853,Ortiz LLC,96
854,Rippin and Sons,66
855,Tillman-Abbott,94
856,Brekke Inc,58
857,Marks-Nitzsche,88
858,Osinski-Lowe,15
859,Thiel LLC,52
860,"West, Moore and Daugherty",27
861,Carter LLC,15
862,"Lind, Hansen and Wunsch",47
863,"Dooley, Ullrich and O'Connell",89
864,Murphy-Gislason,92
865,"Torp, Kozey and Gusikowski",5
866,Dach Group,46
867,Haley-Stamm,73
868,Collier-Bradtke,4
869,Littel Group,2
870,Gorczany-Schowalter,60
871,"Hackett, Pollich and Stokes",10
872,Considine-Turner,34
873,Auer and Sons,71
874,"Durgan, Jacobi and Kutch",37
875,"Funk, Wintheiser and Deckow",103
876,Larson LLC,10
877,Bayer-Nader,61
878,Kohler Inc,39
879,Dibbert-Wuckert,87
880,Durgan-Rosenbaum,58
881,Breitenberg-Farrell,73
882,Skiles Group,46
883,Beer-Walter,17
884,"Streich, Osinski and Jacobson",32
885,Stracke Group,40
886,Macejkovic and Sons,100
887,"Sawayn, Fay and Quigley",31
888,"Sauer, Powlowski and Connelly",21
889,Terry Inc,86
890,"Rempel, Bruen and Schmitt",41
891,Konopelski LLC,47
892,"Satterfield, Effertz and Ebert",45
893,Bode Inc,5
894,Farrell-Greenholt,5
895,Kuhic-Zboncak,27
896,Lind Inc,40
897,Rodriguez Inc,59
898,Turcotte LLC,91
899,Fisher Group,7
900,Dooley and Sons,56
901,"Sporer, Gleason and McCullough",82
902,Breitenberg-Lockman,14
903,"Rath, Harris and Lubowitz",8
904,"Murray, Runolfsdottir and O'Conner",1
905,"Cruickshank, Altenwerth and Runte",63
906,Kling and Sons,23
907,Stracke-Sporer,96
908,Yundt and Sons,22
909,Rempel-Jaskolski,84
910,D'Amore-Koss,9
911,Wilkinson LLC,12
912,Stroman LLC,17
913,Cassin-Rath,38
914,Lebsack-Mann,103
915,"Kuhic, Howe and Kihn",16
916,Kassulke and Sons,6
917,"Kilback, Gerlach and Ebert",21
918,Lindgren LLC,83
919,Daugherty Inc,88
920,Schroeder-Gorczany,39
921,"Schmidt, Ferry and Abbott",50
922,Dietrich-Schulist,66
923,"Hilll, Hessel and Mohr",14
924,Rath Group,41
925,Baumbach LLC,89
926,Mills LLC,94
927,"Schaefer, Sipes and Witting",38
928,Wilkinson-Fisher,49
929,"Upton, Shields and Sipes",13
930,Stroman Group,29
931,Brown-Stark,100
932,"Bednar, Wilkinson and Hills",100
933,Haag Group,25
934,Block Inc,93
935,Legros-Hickle,65
936,Kihn and Sons,15
937,Cruickshank and Sons,44
938,Hegmann-Wehner,56
939,Mante-Williamson,74
940,"Graham, Hilpert and Towne",47
941,Willms Inc,72
942,"Schulist, Stehr and Schoen",67
943,Hilll Inc,64
944,Fahey Inc,59
945,Feil LLC,27
946,"Douglas, Marquardt and Reichert",79
947,Metz LLC,12
948,Effertz and Sons,90
949,Blick Group,82
950,Osinski Group,39
951,Wisozk LLC,90
952,Rutherford Inc,96
953,Harris LLC,31
954,Schuppe-Waelchi,83
955,Kirlin Inc,43
956,Blick Inc,21
957,"Lubowitz, Bogan and Schumm",54
958,Borer and Sons,63
959,"Funk, Herzog and D'Amore",36
960,"Lang, Padberg and Steuber",97
961,Monahan-Ritchie,58
962,Parker LLC,74
963,"Frami, Weissnat and Purdy",60
964,Harris Inc,45
965,Schamberger and Sons,9
966,"Buckridge, Carter and Mante",13
967,Adams-Rodriguez,61
968,Wolff Inc,1
969,"Kshlerin, Hamill and Homenick",23
970,"Bradtke, Will and McCullough",22
971,"Hamill, Shields and Buckridge",38
972,Pollich-Goldner,67
973,Romaguera-Fadel,15
974,Dooley-Rowe,8
975,Bartell Group,27
976,Homenick Group,14
977,White-Quigley,60
978,Mitchell and Sons,89
979,"Grimes, Bode and Towne",2
980,Crona-Schumm,59
981,Mante Group,93
982,Witting-Vandervort,91
983,Hilpert Inc,2
984,"Rempel, Morissette and Kozey",84
985,Kessler LLC,47
986,Brakus-Balistreri,80
987,Runte-Russel,42
988,Beer Group,29
989,"Cummings, Gorczany and Frami",33
990,Pfeffer LLC,87
991,"Cummings, Schmidt and Stanton",61
992,Conroy-Strosin,96
993,Marquardt-Erdman,30
994,Friesen Group,92
995,"Legros, Spencer and Kreiger",87
996,Kuphal and Sons,76
997,"Ruecker, Feest and Ernser",1
998,Treutel Group,44
999,Konopelski Group,47
1000,Mayer Inc,11
